Timestamp,Full Name,College Name/ School Name,Department/Class,Semster/Section,Course,Hours spent,Date of Enrollment
26/04/2026 03:51:31,Isabella Rodriguez,Business Academy,Mechanical Engineering,"Semester 4, Sec C",Digital Marketing,24,18/09/2025
21/04/2026 01:41:44,Mason Jones,State University,Arts & Humanities,"Semester 4, Sec C",Advanced Calculus,8,25/11/2025
21/04/2026 12:25:19,Emma Miller,Global Polytechnic,Mechanical Engineering,"Semester 1, Sec A",Digital Marketing,51,07/02/2026
06/04/2026 12:16:28,James Garcia,State University,Business Administration,"Semester 2, Sec B",Physics I,37,29/05/2025
30/04/2026 02:05:47,Isabella Davis,Institute of Sciences,Business Administration,"Semester 2, Sec B",Database Management,36,24/07/2025
14/04/2026 09:20:40,Ava Williams,College of Technology,Business Administration,"Semester 3, Sec A",Physics I,3,06/09/2025
21/04/2026 08:07:07,Isabella Davis,State University,Business Administration,"Semester 2, Sec B",Database Management,22,25/09/2025
26/04/2026 18:40:32,Sophia Williams,State University,Data Science,"Semester 3, Sec A",Advanced Calculus,45,06/03/2026
26/04/2026 06:46:55,Olivia Jones,Business Academy,Mechanical Engineering,"Semester 4, Sec C",Digital Marketing,59,18/12/2025
10/04/2026 23:21:49,Mason Davis,Global Polytechnic,Computer Science,"Semester 3, Sec A",Introduction to Programming,3,25/05/2025
10/04/2026 23:18:13,William Davis,Institute of Sciences,Mechanical Engineering,"Semester 1, Sec A",Introduction to Programming,34,06/05/2025
26/04/2026 14:51:41,Liam Rodriguez,Institute of Sciences,Mechanical Engineering,"Semester 2, Sec B",Introduction to Programming,17,10/08/2025
23/04/2026 08:12:38,Noah Garcia,College of Technology,Business Administration,"Semester 3, Sec A",Introduction to Programming,7,04/12/2025
01/05/2026 05:30:10,Sophia Johnson,College of Technology,Arts & Humanities,"Semester 2, Sec B",Digital Marketing,28,21/09/2025
05/04/2026 12:11:21,Ava Jones,Institute of Sciences,Business Administration,"Semester 1, Sec A",Database Management,15,05/05/2025
23/04/2026 07:34:41,Liam Johnson,State University,Business Administration,"Semester 2, Sec B",Advanced Calculus,17,08/03/2026
04/04/2026 00:44:04,Liam Johnson,College of Technology,Arts & Humanities,"Semester 1, Sec A",Introduction to Programming,47,31/10/2025
28/04/2026 04:19:07,Emma Rodriguez,State University,Computer Science,"Semester 2, Sec B",Digital Marketing,35,30/05/2025
17/04/2026 12:19:32,Mason Martinez,Global Polytechnic,Mechanical Engineering,"Semester 1, Sec A",Introduction to Programming,22,01/04/2026
22/04/2026 14:34:08,Olivia Davis,Institute of Sciences,Mechanical Engineering,"Semester 1, Sec A",Advanced Calculus,40,22/08/2025
16/04/2026 18:32:58,William Williams,College of Technology,Business Administration,"Semester 4, Sec C",Database Management,44,14/07/2025
18/04/2026 03:09:37,William Smith,College of Technology,Data Science,"Semester 2, Sec B",Physics I,10,08/02/2026
15/04/2026 23:05:09,Ava Davis,College of Technology,Mechanical Engineering,"Semester 3, Sec A",Database Management,15,30/04/2026
24/04/2026 01:29:26,Liam Jones,Global Polytechnic,Computer Science,"Semester 1, Sec A",Advanced Calculus,55,31/08/2025
02/04/2026 05:55:48,William Brown,State University,Arts & Humanities,"Semester 3, Sec A",Digital Marketing,24,06/09/2025
30/04/2026 05:38:52,Mason Martinez,Global Polytechnic,Data Science,"Semester 3, Sec A",Digital Marketing,8,12/09/2025
16/04/2026 17:39:54,Emma Williams,Global Polytechnic,Data Science,"Semester 1, Sec A",Digital Marketing,51,02/06/2025
04/04/2026 23:28:40,Olivia Rodriguez,Global Polytechnic,Mechanical Engineering,"Semester 2, Sec B",Advanced Calculus,32,18/12/2025
11/04/2026 09:32:37,Ava Williams,College of Technology,Computer Science,"Semester 2, Sec B",Advanced Calculus,9,25/11/2025
05/04/2026 22:11:12,Olivia Williams,Business Academy,Data Science,"Semester 1, Sec A",Database Management,30,11/04/2026
20/04/2026 21:38:22,James Miller,Institute of Sciences,Mechanical Engineering,"Semester 2, Sec B",Physics I,22,04/02/2026
30/04/2026 20:42:02,Sophia Johnson,Business Academy,Mechanical Engineering,"Semester 2, Sec B",Digital Marketing,4,26/01/2026
17/04/2026 19:51:16,Noah Garcia,Global Polytechnic,Arts & Humanities,"Semester 1, Sec A",Digital Marketing,30,27/08/2025
26/04/2026 09:01:36,Liam Rodriguez,College of Technology,Business Administration,"Semester 3, Sec A",Digital Marketing,20,24/05/2025
17/04/2026 17:04:00,Emma Miller,Institute of Sciences,Computer Science,"Semester 2, Sec B",Introduction to Programming,56,27/03/2026
20/04/2026 17:47:03,Emma Martinez,College of Technology,Computer Science,"Semester 1, Sec A",Database Management,8,06/12/2025
17/04/2026 04:41:33,Sophia Smith,College of Technology,Data Science,"Semester 1, Sec A",Introduction to Programming,49,12/12/2025
13/04/2026 13:58:46,James Jones,Global Polytechnic,Computer Science,"Semester 1, Sec A",Physics I,20,16/08/2025
19/04/2026 05:59:40,Noah Garcia,College of Technology,Data Science,"Semester 3, Sec A",Physics I,45,18/06/2025
07/04/2026 10:43:18,Noah Jones,Institute of Sciences,Mechanical Engineering,"Semester 3, Sec A",Digital Marketing,26,04/12/2025
16/04/2026 12:33:50,Isabella Rodriguez,Global Polytechnic,Arts & Humanities,"Semester 3, Sec A",Database Management,3,03/07/2025
08/04/2026 13:02:50,Ava Miller,State University,Arts & Humanities,"Semester 1, Sec A",Introduction to Programming,30,15/04/2026
02/04/2026 17:57:37,Mason Johnson,College of Technology,Computer Science,"Semester 3, Sec A",Physics I,56,14/08/2025
26/04/2026 07:24:29,Olivia Williams,College of Technology,Mechanical Engineering,"Semester 2, Sec B",Database Management,40,11/07/2025
13/04/2026 15:05:41,Sophia Williams,Business Academy,Mechanical Engineering,"Semester 4, Sec C",Introduction to Programming,34,08/05/2025
30/04/2026 19:40:25,Isabella Davis,Global Polytechnic,Mechanical Engineering,"Semester 2, Sec B",Introduction to Programming,18,10/03/2026
04/04/2026 19:23:55,Ava Jones,Global Polytechnic,Computer Science,"Semester 3, Sec A",Digital Marketing,20,21/05/2025
19/04/2026 11:13:36,Noah Jones,College of Technology,Data Science,"Semester 3, Sec A",Database Management,57,14/02/2026
19/04/2026 07:06:27,James Rodriguez,State University,Computer Science,"Semester 1, Sec A",Physics I,5,20/10/2025
01/05/2026 12:08:17,Noah Brown,Business Academy,Mechanical Engineering,"Semester 4, Sec C",Introduction to Programming,9,13/11/2025
17/04/2026 09:24:27,Isabella Miller,Business Academy,Arts & Humanities,"Semester 4, Sec C",Physics I,32,03/12/2025
11/04/2026 06:39:23,Noah Davis,Business Academy,Mechanical Engineering,"Semester 1, Sec A",Database Management,55,27/06/2025
23/04/2026 23:35:34,Mason Smith,State University,Arts & Humanities,"Semester 2, Sec B",Digital Marketing,2,03/09/2025
27/04/2026 01:57:46,Isabella Garcia,State University,Computer Science,"Semester 3, Sec A",Advanced Calculus,13,31/01/2026
22/04/2026 18:11:09,Noah Johnson,State University,Data Science,"Semester 1, Sec A",Introduction to Programming,41,19/05/2025
24/04/2026 11:51:13,Liam Davis,Business Academy,Arts & Humanities,"Semester 4, Sec C",Database Management,29,22/04/2026
22/04/2026 11:41:03,Noah Rodriguez,Global Polytechnic,Data Science,"Semester 3, Sec A",Database Management,43,22/05/2025
29/04/2026 16:08:37,William Martinez,State University,Arts & Humanities,"Semester 2, Sec B",Database Management,58,19/09/2025
22/04/2026 04:58:35,Mason Smith,Business Academy,Data Science,"Semester 3, Sec A",Advanced Calculus,19,05/03/2026
08/04/2026 12:41:14,Ava Smith,Institute of Sciences,Data Science,"Semester 2, Sec B",Advanced Calculus,6,04/02/2026
30/04/2026 02:23:25,James Smith,College of Technology,Arts & Humanities,"Semester 2, Sec B",Introduction to Programming,1,28/08/2025
13/04/2026 12:15:21,Emma Rodriguez,College of Technology,Arts & Humanities,"Semester 3, Sec A",Advanced Calculus,53,22/08/2025
19/04/2026 02:55:43,Ava Davis,State University,Arts & Humanities,"Semester 2, Sec B",Digital Marketing,55,06/03/2026
20/04/2026 16:02:08,Ava Martinez,Business Academy,Arts & Humanities,"Semester 3, Sec A",Database Management,6,18/04/2026
27/04/2026 18:35:52,William Rodriguez,Institute of Sciences,Business Administration,"Semester 3, Sec A",Physics I,25,30/08/2025
11/04/2026 16:41:12,Isabella Brown,Business Academy,Computer Science,"Semester 3, Sec A",Digital Marketing,54,27/08/2025
24/04/2026 04:09:10,Noah Garcia,State University,Arts & Humanities,"Semester 4, Sec C",Database Management,1,09/02/2026
16/04/2026 03:58:48,William Garcia,Institute of Sciences,Data Science,"Semester 2, Sec B",Physics I,9,06/12/2025
14/04/2026 12:51:00,Isabella Miller,Institute of Sciences,Computer Science,"Semester 3, Sec A",Digital Marketing,4,25/03/2026
03/04/2026 19:10:12,Mason Miller,Global Polytechnic,Mechanical Engineering,"Semester 4, Sec C",Database Management,4,22/02/2026
07/04/2026 02:44:47,Emma Martinez,Business Academy,Data Science,"Semester 1, Sec A",Introduction to Programming,52,28/09/2025
11/04/2026 11:38:12,James Miller,Global Polytechnic,Business Administration,"Semester 4, Sec C",Introduction to Programming,37,27/10/2025
17/04/2026 01:57:12,Olivia Jones,Global Polytechnic,Computer Science,"Semester 4, Sec C",Digital Marketing,11,07/10/2025
09/04/2026 13:43:14,James Jones,Global Polytechnic,Business Administration,"Semester 3, Sec A",Database Management,57,13/03/2026
07/04/2026 15:06:30,Isabella Miller,College of Technology,Arts & Humanities,"Semester 4, Sec C",Database Management,13,29/11/2025
16/04/2026 06:35:09,Noah Smith,Global Polytechnic,Computer Science,"Semester 2, Sec B",Physics I,36,29/04/2026
03/04/2026 01:57:52,William Williams,College of Technology,Computer Science,"Semester 1, Sec A",Physics I,43,12/08/2025
12/04/2026 16:14:30,William Miller,Institute of Sciences,Arts & Humanities,"Semester 3, Sec A",Physics I,33,12/05/2025
04/04/2026 21:03:40,Emma Johnson,State University,Mechanical Engineering,"Semester 1, Sec A",Database Management,34,29/11/2025
02/04/2026 11:38:54,Liam Miller,Global Polytechnic,Business Administration,"Semester 4, Sec C",Introduction to Programming,37,11/12/2025
05/04/2026 02:10:14,Ava Brown,State University,Computer Science,"Semester 2, Sec B",Database Management,59,12/04/2026
27/04/2026 20:28:20,Emma Miller,Institute of Sciences,Data Science,"Semester 2, Sec B",Introduction to Programming,43,06/11/2025
03/04/2026 08:28:50,Emma Johnson,College of Technology,Business Administration,"Semester 3, Sec A",Advanced Calculus,1,20/11/2025
06/04/2026 01:52:04,James Rodriguez,College of Technology,Computer Science,"Semester 3, Sec A",Database Management,2,05/09/2025
20/04/2026 15:36:56,Noah Miller,Institute of Sciences,Data Science,"Semester 2, Sec B",Digital Marketing,59,06/09/2025
09/04/2026 10:19:55,Mason Smith,Business Academy,Mechanical Engineering,"Semester 1, Sec A",Advanced Calculus,58,15/02/2026
18/04/2026 09:48:12,Olivia Miller,Business Academy,Mechanical Engineering,"Semester 1, Sec A",Database Management,28,11/01/2026
04/04/2026 16:28:40,Sophia Martinez,College of Technology,Mechanical Engineering,"Semester 3, Sec A",Database Management,57,02/03/2026
25/04/2026 09:49:43,Emma Brown,Institute of Sciences,Data Science,"Semester 1, Sec A",Introduction to Programming,14,23/09/2025
05/04/2026 16:38:24,Ava Miller,State University,Computer Science,"Semester 4, Sec C",Physics I,31,10/07/2025
11/04/2026 18:11:15,James Miller,Institute of Sciences,Computer Science,"Semester 4, Sec C",Database Management,20,20/11/2025
29/04/2026 20:00:54,William Miller,Global Polytechnic,Mechanical Engineering,"Semester 2, Sec B",Advanced Calculus,32,15/02/2026
20/04/2026 12:19:47,Isabella Brown,College of Technology,Business Administration,"Semester 2, Sec B",Advanced Calculus,51,08/08/2025
05/04/2026 11:21:37,William Williams,Global Polytechnic,Business Administration,"Semester 4, Sec C",Physics I,49,17/05/2025
30/04/2026 12:46:17,Liam Rodriguez,State University,Mechanical Engineering,"Semester 3, Sec A",Physics I,30,09/09/2025
12/04/2026 13:06:37,Sophia Rodriguez,Business Academy,Computer Science,"Semester 1, Sec A",Digital Marketing,48,17/03/2026
18/04/2026 02:44:24,William Miller,College of Technology,Computer Science,"Semester 3, Sec A",Database Management,52,22/08/2025
18/04/2026 14:43:33,Mason Brown,Global Polytechnic,Arts & Humanities,"Semester 1, Sec A",Physics I,24,08/11/2025
14/04/2026 05:20:55,Olivia Brown,College of Technology,Mechanical Engineering,"Semester 1, Sec A",Physics I,25,19/05/2025
15/04/2026 09:45:09,Emma Jones,Business Academy,Computer Science,"Semester 1, Sec A",Physics I,42,04/11/2025
04/04/2026 10:33:19,Ava Smith,Business Academy,Arts & Humanities,"Semester 4, Sec C",Physics I,12,16/12/2025
12/04/2026 08:32:24,Liam Martinez,State University,Mechanical Engineering,"Semester 4, Sec C",Physics I,10,03/09/2025
18/04/2026 05:56:48,William Jones,Business Academy,Data Science,"Semester 3, Sec A",Database Management,38,12/11/2025
28/04/2026 04:56:44,Ava Rodriguez,Global Polytechnic,Data Science,"Semester 2, Sec B",Digital Marketing,17,04/02/2026
16/04/2026 13:00:20,James Williams,College of Technology,Computer Science,"Semester 1, Sec A",Physics I,43,29/06/2025
01/05/2026 01:44:42,William Rodriguez,Business Academy,Data Science,"Semester 2, Sec B",Physics I,12,23/05/2025
26/04/2026 12:27:21,Isabella Davis,State University,Data Science,"Semester 4, Sec C",Digital Marketing,24,21/06/2025
07/04/2026 08:20:53,James Jones,Global Polytechnic,Computer Science,"Semester 4, Sec C",Introduction to Programming,50,06/03/2026
13/04/2026 00:53:26,James Miller,College of Technology,Computer Science,"Semester 3, Sec A",Database Management,52,11/10/2025
17/04/2026 12:44:20,Isabella Davis,Business Academy,Mechanical Engineering,"Semester 3, Sec A",Introduction to Programming,14,03/02/2026
11/04/2026 22:59:28,William Williams,College of Technology,Mechanical Engineering,"Semester 1, Sec A",Database Management,20,02/09/2025
21/04/2026 05:14:28,Noah Jones,State University,Mechanical Engineering,"Semester 1, Sec A",Introduction to Programming,45,16/07/2025
22/04/2026 21:09:18,Ava Brown,State University,Mechanical Engineering,"Semester 3, Sec A",Digital Marketing,56,29/11/2025
26/04/2026 00:38:53,Mason Brown,Institute of Sciences,Mechanical Engineering,"Semester 3, Sec A",Introduction to Programming,46,10/11/2025
15/04/2026 07:15:23,Isabella Jones,Business Academy,Business Administration,"Semester 4, Sec C",Advanced Calculus,46,29/05/2025
14/04/2026 07:22:42,Liam Jones,Business Academy,Mechanical Engineering,"Semester 1, Sec A",Advanced Calculus,40,12/06/2025
04/04/2026 06:23:11,James Jones,Business Academy,Mechanical Engineering,"Semester 2, Sec B",Database Management,54,01/01/2026
26/04/2026 08:40:43,James Davis,College of Technology,Computer Science,"Semester 1, Sec A",Physics I,55,12/11/2025
18/04/2026 13:32:51,Emma Williams,Global Polytechnic,Arts & Humanities,"Semester 2, Sec B",Database Management,36,05/01/2026
24/04/2026 13:32:11,Mason Smith,Global Polytechnic,Mechanical Engineering,"Semester 2, Sec B",Physics I,29,07/09/2025